{
  "3_10": {
    "mean": 0.6208333333333333,
    "std": 0.10163592431375389
  },
  "4_16": {
    "mean": 0.275,
    "std": 0.03435921354681383
  },
  "3_18": {
    "mean": 0.4791666666666667,
    "std": 0.0649519052838329
  },
  "2_22": {
    "mean": 0.20416666666666664,
    "std": 0.04768967975941499
  },
  "1_11": {
    "mean": 0.42916666666666664,
    "std": 0.07671646933134155
  },
  "1_14": {
    "mean": 0.5666666666666667,
    "std": 0.02041241452319317
  },
  "3_16": {
    "mean": 0.3041666666666667,
    "std": 0.05574620066774853
  },
  "0_9": {
    "mean": 0.6958333333333333,
    "std": 0.037960139913101244
  },
  "5_19": {
    "mean": 0.3541666666666667,
    "std": 0.05574620066774856
  },
  "4_13": {
    "mean": 0.5375000000000001,
    "std": 0.07009418267191968
  },
  "5_7": {
    "mean": 0.06666666666666667,
    "std": 0.026352313834736497
  },
  "3_9": {
    "mean": 0.5791666666666666,
    "std": 0.04310033513661914
  },
  "3_12": {
    "mean": 0.4,
    "std": 0.048591265790377515
  },
  "4_14": {
    "mean": 0.5541666666666667,
    "std": 0.047689679759414995
  },
  "1_19": {
    "mean": 0.4083333333333333,
    "std": 0.03818813079129867
  },
  "4_18": {
    "mean": 0.475,
    "std": 0.09464847243000457
  },
  "4_17": {
    "mean": 0.33749999999999997,
    "std": 0.050518148554092264
  },
  "2_11": {
    "mean": 0.4208333333333334,
    "std": 0.04310033513661918
  },
  "2_17": {
    "mean": 0.2791666666666667,
    "std": 0.0739509972887452
  },
  "5_14": {
    "mean": 0.3958333333333333,
    "std": 0.04145780987944251
  },
  "2_10": {
    "mean": 0.6458333333333333,
    "std": 0.11016086722001907
  },
  "0_18": {
    "mean": 0.4416666666666667,
    "std": 0.03818813079129866
  },
  "3_3": {
    "mean": 0.05416666666666667,
    "std": 0.021650635094610963
  },
  "6_12": {
    "mean": 0.2916666666666667,
    "std": 0.03818813079129866
  },
  "1_9": {
    "mean": 0.6541666666666667,
    "std": 0.06601241465731189
  },
  "4_8": {
    "mean": 0.14166666666666666,
    "std": 0.01443375672974064
  },
  "3_17": {
    "mean": 0.35,
    "std": 0.06561673228343176
  },
  "5_21": {
    "mean": 0.11666666666666667,
    "std": 0.03726779962499649
  },
  "3_14": {
    "mean": 0.5541666666666667,
    "std": 0.018162078931419485
  },
  "3_21": {
    "mean": 0.175,
    "std": 0.01443375672974064
  },
  "5_9": {
    "mean": 0.475,
    "std": 0.018633899812498245
  },
  "1_7": {
    "mean": 0.15416666666666665,
    "std": 0.056978309713238924
  },
  "1_15": {
    "mean": 0.29166666666666663,
    "std": 0.04487637339278752
  },
  "0_14": {
    "mean": 0.5791666666666667,
    "std": 0.0462105687767059
  },
  "6_17": {
    "mean": 0.1958333333333333,
    "std": 0.055746200667748554
  },
  "4_15": {
    "mean": 0.25416666666666665,
    "std": 0.07761640004248814
  },
  "0_17": {
    "mean": 0.32499999999999996,
    "std": 0.027638539919628325
  },
  "6_14": {
    "mean": 0.375,
    "std": 0.07861650943380503
  },
  "1_18": {
    "mean": 0.4625,
    "std": 0.06705615391429619
  },
  "0_19": {
    "mean": 0.5416666666666667,
    "std": 0.06718548123582126
  },
  "4_21": {
    "mean": 0.15833333333333333,
    "std": 0.030046260628866582
  },
  "1_8": {
    "mean": 0.14583333333333331,
    "std": 0.04310033513661917
  },
  "4_10": {
    "mean": 0.5958333333333333,
    "std": 0.05936586186989586
  },
  "3_19": {
    "mean": 0.5041666666666667,
    "std": 0.013819269959814189
  },
  "5_11": {
    "mean": 0.29583333333333334,
    "std": 0.08926785535678562
  },
  "2_4": {
    "mean": 0.03888888888888889,
    "std": 0.007856742013183864
  },
  "0_12": {
    "mean": 0.4166666666666667,
    "std": 0.02041241452319315
  },
  "6_13": {
    "mean": 0.47916666666666663,
    "std": 0.02465033242958175
  },
  "4_11": {
    "mean": 0.4291666666666667,
    "std": 0.021650635094610963
  },
  "0_11": {
    "mean": 0.4166666666666667,
    "std": 0.07728015412913089
  },
  "0_22": {
    "mean": 0.17083333333333334,
    "std": 0.029755951785595213
  },
  "2_20": {
    "mean": 0.2,
    "std": 0.031180478223116183
  },
  "0_20": {
    "mean": 0.17083333333333334,
    "std": 0.04768967975941499
  },
  "5_15": {
    "mean": 0.16249999999999998,
    "std": 0.02465033242958174
  },
  "1_23": {
    "mean": 0.2333333333333333,
    "std": 0.04249182927993987
  },
  "3_23": {
    "mean": 0.19166666666666668,
    "std": 0.044876373392787536
  },
  "0_13": {
    "mean": 0.5583333333333333,
    "std": 0.03435921354681385
  },
  "6_7": {
    "mean": 0.07083333333333333,
    "std": 0.03200477394945254
  },
  "4_9": {
    "mean": 0.6083333333333334,
    "std": 0.04930066485916346
  },
  "2_15": {
    "mean": 0.2833333333333333,
    "std": 0.06561673228343176
  },
  "5_12": {
    "mean": 0.2958333333333333,
    "std": 0.047689679759414974
  },
  "2_7": {
    "mean": 0.15416666666666667,
    "std": 0.04310033513661917
  },
  "1_10": {
    "mean": 0.6624999999999999,
    "std": 0.06601241465731189
  },
  "0_10": {
    "mean": 0.6291666666666667,
    "std": 0.043100335136619185
  },
  "0_0": {
    "mean": 0.05416666666666667,
    "std": 0.024650332429581735
  },
  "1_12": {
    "mean": 0.45416666666666666,
    "std": 0.044682522061515025
  },
  "5_17": {
    "mean": 0.18333333333333335,
    "std": 0.031180478223116183
  },
  "3_13": {
    "mean": 0.5875000000000001,
    "std": 0.08025566785107592
  },
  "5_20": {
    "mean": 0.13333333333333333,
    "std": 0.05137011669140813
  },
  "3_22": {
    "mean": 0.15,
    "std": 0.03535533905932738
  },
  "4_20": {
    "mean": 0.16666666666666666,
    "std": 0.03535533905932738
  },
  "1_20": {
    "mean": 0.1958333333333333,
    "std": 0.041457809879442496
  },
  "3_8": {
    "mean": 0.1375,
    "std": 0.05697830971323893
  },
  "4_6": {
    "mean": 0.14166666666666666,
    "std": 0.02763853991962833
  },
  "2_12": {
    "mean": 0.4041666666666667,
    "std": 0.08281086214313246
  },
  "2_6": {
    "mean": 0.1,
    "std": 0.011785113019775794
  },
  "4_5": {
    "mean": 0.025,
    "std": 0.008333333333333333
  },
  "4_19": {
    "mean": 0.55,
    "std": 0.03726779962499649
  },
  "0_5": {
    "mean": 0.04583333333333333,
    "std": 0.021650635094610963
  },
  "6_9": {
    "mean": 0.4708333333333333,
    "std": 0.07580585582775108
  },
  "6_16": {
    "mean": 0.22083333333333333,
    "std": 0.013819269959814163
  },
  "0_15": {
    "mean": 0.3125,
    "std": 0.0710780087884666
  },
  "2_8": {
    "mean": 0.1375,
    "std": 0.029755951785595203
  },
  "0_23": {
    "mean": 0.15833333333333333,
    "std": 0.018633899812498245
  },
  "2_14": {
    "mean": 0.5416666666666666,
    "std": 0.07120003121097943
  },
  "2_21": {
    "mean": 0.175,
    "std": 0.06066758241067099
  },
  "3_11": {
    "mean": 0.42083333333333334,
    "std": 0.02465033242958173
  },
  "1_21": {
    "mean": 0.17083333333333334,
    "std": 0.05448623679425842
  },
  "4_22": {
    "mean": 0.23333333333333334,
    "std": 0.020412414523193145
  },
  "3_7": {
    "mean": 0.14583333333333331,
    "std": 0.021650635094610963
  },
  "6_10": {
    "mean": 0.4083333333333333,
    "std": 0.09316949906249124
  },
  "6_22": {
    "mean": 0.11249999999999999,
    "std": 0.055746200667748554
  },
  "2_16": {
    "mean": 0.2583333333333333,
    "std": 0.04487637339278752
  },
  "2_9": {
    "mean": 0.5833333333333333,
    "std": 0.07637626158259732
  },
  "5_6": {
    "mean": 0.09583333333333333,
    "std": 0.03200477394945254
  },
  "0_16": {
    "mean": 0.2708333333333333,
    "std": 0.05448623679425841
  },
  "1_17": {
    "mean": 0.30000000000000004,
    "std": 0.06561673228343176
  },
  "5_10": {
    "mean": 0.4083333333333333,
    "std": 0.05590169943749474
  },
  "0_8": {
    "mean": 0.17500000000000002,
    "std": 0.075
  },
  "1_13": {
    "mean": 0.49583333333333335,
    "std": 0.018162078931419485
  },
  "6_15": {
    "mean": 0.1875,
    "std": 0.03410563654946855
  },
  "5_13": {
    "mean": 0.375,
    "std": 0.047871355387816915
  },
  "6_20": {
    "mean": 0.125,